DATE,CE16OV,CPIAUCSL,INDPRO
1959/1/1,-0.341461386,-0.753400463,0.443387471
1959/2/1,0.505029561,-0.79340425,0.297207912
1959/3/1,0.414531181,-0.713396675,0.516477251
1959/4/1,-0.214542926,-0.613387206,0.333888656
1959/5/1,0.027153968,-0.593385312,-0.104514167
1959/6/1,0.040397633,-0.653390994,-0.90782247
1959/7/1,-0.322699527,-0.673392887,-1.199909879
1959/8/1,-0.22006112,-0.593385312,-0.177468092
1959/9/1,0.017221219,-0.533379631,-0.360056687
1959/10/1,-0.558878227,-0.733398569,0.041665392
1959/11/1,0.756659204,-0.613387206,1.721507632
1959/12/1,-0.131770017,-0.813406144,0.699065845
1960/1/1,0.162901538,-0.653390994,-0.433010612
1960/2/1,-1.183537778,-0.733398569,-0.433146466
1960/3/1,1.280887626,-0.473373949,-0.396465722
1960/4/1,-0.030235249,-0.673392887,-0.177468092
1960/5/1,-0.015887945,-0.653390994,-0.542645281
1960/6/1,-0.424234295,-0.853409932,-0.250557872
1960/7/1,-0.153842793,-0.613387206,-0.177332237
1960/8/1,0.272161778,-0.733398569,-0.469691356
1960/9/1,-0.839202478,-0.453372056,-0.177332237
1960/10/1,0.38804385,-0.673392887,-0.579190171
1960/11/1,-0.503696287,-0.673392887,-0.725233875
1960/12/1,-0.140599128,-0.673392887,-0.104378312
1961/1/1,-0.345875941,-0.733398569,-0.177468092
1961/2/1,0.150761511,-0.733398569,0.041665392
1961/3/1,-0.663723911,-0.79340425,0.479932361
1961/4/1,-0.055618941,-0.673392887,0.333752802
1961/5/1,0.461987648,-0.733398569,0.297343766
1961/6/1,-0.563292782,-0.573383418,0.224253987
1961/7/1,0.130896013,-0.693394781,0.151164207
1961/8/1,-0.481623512,-0.653390994,-0.177332237
1961/9/1,0.27878361,-0.733398569,0.479796506
1961/10/1,0.040397633,-0.733398569,0.370433546
1961/11/1,-0.33815047,-0.673392887,0.151164207
1961/12/1,0.091165017,-0.673392887,-0.433146466
1962/1/1,0.336172827,-0.593385312,0.406978436
1962/2/1,-0.188055595,-0.613387206,0.041665392
1962/3/1,-0.271932143,-0.653390994,-0.067969277
1962/4/1,0.210358006,-0.673392887,-0.177468092
1962/5/1,-0.158257348,-0.79340425,-0.213877127
1962/6/1,-0.344772303,-0.713396675,0.187709097
1962/7/1,0.39687296,-0.613387206,-0.104378312
1962/8/1,0.108823238,-0.453372056,0.078210282
1962/9/1,-0.224475675,-0.813406144,-0.104378312
1962/10/1,-0.433063405,-0.733398569,0.005120502
1962/11/1,-0.028027972,-0.733398569,-0.140923202
1962/12/1,-0.000437002,-0.613387206,0.114619317
1963/1/1,-0.191366512,-0.653390994,0.260934731
1963/2/1,0.222498032,-0.673392887,0.078074427
1963/3/1,0.182767036,-0.79340425,0.187844951
1963/4/1,-0.168190097,-0.673392887,0.297207912
1963/5/1,-0.100868131,-0.533379631,-0.031288533
1963/6/1,0.144139679,-0.573383418,-0.287102762
1963/7/1,-0.135080934,-0.613387206,-0.067833423
1963/8/1,0.155176067,-0.79340425,0.224253987
1963/9/1,-0.005955196,-0.673392887,0.114755172
1963/10/1,-0.168190097,-0.673392887,0.041665392
1963/11/1,-0.197988344,-0.533379631,-0.214012982
1963/12/1,-0.012577029,-0.613387206,0.187709097
1964/1/1,0.329550994,-0.79340425,0.114755172
1964/2/1,-0.125148185,-0.673392887,-0.140923202
1964/3/1,0.516065949,-0.713396675,0.479932361
1964/4/1,0.165108816,-0.673392887,0.078210282
1964/5/1,-0.594194668,-0.673392887,-0.031424387
1964/6/1,0.06136677,-0.713396675,0.114755172
1964/7/1,-0.067758968,-0.673392887,0.114619317
1964/8/1,-0.01147339,-0.673392887,0.005256357
1964/9/1,-0.133977295,-0.653390994,-0.688688986
1964/10/1,0.030464884,-0.553381525,1.064107179
1964/11/1,-0.051204386,-0.653390994,0.333888656
1964/12/1,0.063574047,-0.673392887,0.297207912
1965/1/1,0.005081192,-0.733398569,0.114755172
1965/2/1,0.205943451,-0.673392887,0.406842581
1965/3/1,0.075714074,-0.593385312,0.041665392
1965/4/1,0.304167302,-0.533379631,0.187709097
1965/5/1,-0.148324599,-0.473373949,0.187844951
1965/6/1,0.341691021,-0.79340425,0.260798877
1965/7/1,-0.246548451,-0.79340425,0.041665392
1965/8/1,-0.222268398,-0.593385312,-0.031424387
1965/9/1,0.312996413,-0.673392887,0.297343766
1965/10/1,-0.106386325,-0.533379631,0.041665392
1965/11/1,0.234638059,-0.533379631,0.406842581
1965/12/1,0.011703025,-0.673392887,0.297343766
1966/1/1,-0.209024732,-0.333360693,0.151164207
1966/2/1,-0.078795356,-0.533379631,0.479932361
1966/3/1,0.216979838,-0.533379631,-0.067833423
1966/4/1,-0.152739154,-0.593385312,0.297207912
1966/5/1,0.168419732,-0.673392887,0.078210282
1966/6/1,-0.044582553,-0.593385312,0.114755172
1966/7/1,0.177248842,-0.333360693,-0.104514167
1966/8/1,-0.014784306,-0.533379631,0.297343766
1966/9/1,0.019428496,-0.533379631,0.187709097
1966/10/1,0.346105576,-0.673392887,-0.469555501
1966/11/1,-0.260895755,-0.653390994,-0.031424387
1966/12/1,-0.202402899,-0.773402356,0.083372757
1967/1/1,-0.210128371,-0.533379631,-0.682711383
1967/2/1,-0.322699527,-0.733398569,-0.407062381
1967/3/1,0.350520131,-0.533379631,0.301962823
1967/4/1,-0.180330124,-0.733398569,-0.554464632
1967/5/1,0.340587382,-0.333360693,-0.146900805
1967/6/1,0.128688736,-0.533379631,-0.24784078
1967/7/1,0.13420693,-0.533379631,0.757211618
1967/8/1,-0.042375276,-0.533379631,-0.218496184
1967/9/1,0.07902499,-0.533379631,0.247620979
1967/10/1,-0.05672258,-0.333360693,0.546772828
1967/11/1,0.245674447,-0.533379631,0.384426571
1967/12/1,-0.99150463,-0.533379631,-0.194042354
1968/1/1,0.445433067,-0.533379631,0.035551935
1968/2/1,0.027153968,-0.533379631,0.013407634
1968/3/1,0.062470409,-0.533379631,-0.069191969
1968/4/1,0.464194926,-0.533379631,0.416080695
1968/5/1,-0.055618941,-0.333360693,0.043431502
1968/6/1,-0.243237534,-0.333360693,-0.21808862
1968/7/1,-0.186951956,-0.533379631,-0.000585391
1968/8/1,0.003977553,-0.533379631,0.050224233
1968/9/1,-0.081002633,-0.333360693,-0.040390792
1968/10/1,0.159590622,-0.533379631,0.515526268
1968/11/1,0.175041565,-0.333360693,0.021423055
1968/12/1,-0.108593603,-0.533379631,0.17099898
1969/1/1,0.437707595,-0.533379631,0.191105462
1969/2/1,-0.094246299,-0.133341755,0.268406735
1969/3/1,0.0337758,-0.333360693,-0.33451602
1969/4/1,-0.260895755,-0.533379631,-0.338999222
1969/5/1,0.378111101,-0.333360693,0.369210854
1969/6/1,-0.051204386,-0.333360693,0.137578746
1969/7/1,0.182767036,-0.533379631,-0.019061618
1969/8/1,-0.13839185,-0.333360693,-0.152878408
1969/9/1,0.076817713,-0.333360693,-0.125435777
1969/10/1,-0.032442527,-0.333360693,-0.641819146
1969/11/1,0.081232268,-0.333360693,-0.282211996
1969/12/1,-0.094246299,-0.333360693,-1.113098784
1970/1/1,-0.22889023,-0.333360693,-0.174886854
1970/2/1,0.043708549,-0.333360693,-0.20776367
1970/3/1,-0.064448051,-0.333360693,-0.273109737
1970/4/1,-0.542323645,-0.533379631,-0.20069923
1970/5/1,-0.305041306,-0.333360693,-0.306665825
1970/6/1,0.207047089,-0.533379631,-0.015529398
1970/7/1,-0.250963006,-0.533379631,-0.232217499
1970/8/1,-0.277450337,-0.333360693,-0.493194203
1970/9/1,0.067988603,-0.333360693,-1.156164695
1970/10/1,-0.177019207,-0.333360693,-0.44211287
1970/11/1,-0.200195622,-0.333360693,0.99427791
1970/12/1,0.159590622,-0.533379631,0.248164398
1971/1/1,-0.319388611,-0.733398569,-0.238059248
1971/2/1,-0.261999394,-0.533379631,-0.196080173
1971/3/1,0.301960025,-0.533379631,0.144371477
1971/4/1,0.029361245,-0.333360693,0.118423246
1971/5/1,-0.559981865,-0.333360693,0.074406353
1971/6/1,0.466402204,-0.533379631,-0.290634981
1971/7/1,0.119859625,-0.533379631,-0.439259924
1971/8/1,0.027153968,-0.533379631,0.689827732
1971/9/1,0.114341432,-0.533379631,0.247892689
1971/10/1,0.279887249,-0.533379631,0.081199083
1971/11/1,0.053641298,-0.533379631,0.465939336
1971/12/1,0.400183877,-0.533379631,1.132442048
1972/1/1,0.026050329,-0.333360693,0.410782365
1972/2/1,0.374800185,-0.733398569,0.24232265
1972/3/1,-0.04789347,-0.533379631,0.408472836
1972/4/1,0.117652348,-0.533379631,-0.135624872
1972/5/1,0.077921352,-0.533379631,0.006479048
1972/6/1,0.023843051,-0.533379631,-0.193770645
1972/7/1,0.245674447,-0.533379631,0.628149739
1972/8/1,-0.177019207,-0.333360693,0.298974022
1972/9/1,-0.057826219,-0.533379631,0.594729505
1972/10/1,0.274369055,-0.333360693,0.545414282
1972/11/1,0.314100051,-0.533379631,0.519601907
1972/12/1,-0.402161519,-0.333360693,0.28919249
1973/1/1,0.690440877,-0.133341755,0.717677927
1973/2/1,0.457573093,0.066677183,-0.114974972
1973/3/1,-0.0203025,-0.133341755,-0.224337932
1973/4/1,-0.040167998,-0.333360693,0.256859093
1973/5/1,0.454262177,-0.133341755,-0.062399238
1973/6/1,-0.012577029,-0.733398569,0.085138867
1973/7/1,-0.243237534,0.866752935,-0.226375751
1973/8/1,0.175041565,-0.333360693,0.345436298
1973/9/1,0.412323903,0.066677183,0.356440521
1973/10/1,0.229119865,-0.133341755,0.142469512
1973/11/1,-0.048997108,0.066677183,-0.316990775
1973/12/1,0.031568523,0.266696121,-0.554600487
1974/1/1,0.081232268,0.266696121,-0.328674272
1974/2/1,-0.066655329,0.266696121,-0.144591277
1974/3/1,-0.303937668,-0.133341755,-0.321338123
1974/4/1,0.10661596,0.266696121,0.3499195
1974/5/1,-0.083209911,0.066677183,-0.258709148
1974/6/1,0.091165017,-0.133341755,-0.015936962
1974/7/1,-0.261999394,0.466715059,-0.797508527
1974/8/1,-0.122940907,0.666733997,-0.130869961
1974/9/1,-0.200195622,0.066677183,-0.334787729
1974/10/1,-0.545634561,0.266696121,-2.151843124
1974/11/1,-0.670345744,0.066677183,-2.26636856
1974/12/1,-0.708973101,0.066677183,-0.930781899
1975/1/1,-0.547841839,-0.133341755,-1.422983147
1975/2/1,-0.214542926,-0.333360693,-0.745204503
1975/3/1,-0.136184572,-0.333360693,-0.036586863
1975/4/1,0.150761511,-0.533379631,-0.299873095
1975/5/1,-0.244341173,0.066677183,0.202109685
1975/6/1,0.456469455,0.266696121,0.4280359
1975/7/1,0.236845337,-0.333360693,0.402359379
1975/8/1,-0.088728105,0.066677183,0.580193062
1975/9/1,-0.037960721,-0.133341755,0.103886803
1975/10/1,-0.043478915,0.066677183,-0.063078511
1975/11/1,0.092268656,-0.133341755,0.628693158
1975/12/1,0.672782656,-0.333360693,0.6225797
1976/1/1,0.161797899,-0.533379631,0.446647982
1976/2/1,0.207047089,-0.533379631,-0.022186274
1976/3/1,0.337276466,-0.533379631,0.162983558
1976/4/1,0.27878361,-0.133341755,0.10320753
1976/5/1,-0.393332409,-0.133341755,-0.078430082
1976/6/1,0.446536706,-0.133341755,0.195045246
1976/7/1,0.005081192,-0.133341755,0.268542589
1976/8/1,-0.193573789,-0.133341755,0.055930126
1976/9/1,-0.026924333,-0.133341755,-0.156003064
1976/10/1,0.258918112,-0.333360693,0.790224288
1976/11/1,0.048123105,-0.133341755,0.518786779
1976/12/1,-0.000437002,-0.133341755,-0.569408639
1977/1/1,0.318514607,0.466715059,0.837501692
1977/2/1,0.375903823,-0.133341755,0.64703353
1977/3/1,0.372592907,0.066677183,0.478709669
1977/4/1,0.394665683,-0.333360693,0.360516159
1977/5/1,0.087854101,-0.133341755,0.355353684
1977/6/1,-0.000437002,-0.133341755,-0.052481852
1977/7/1,0.255607196,-0.133341755,-0.08073961
1977/8/1,0.149657873,-0.333360693,0.122634739
1977/9/1,0.247881724,-0.133341755,-0.040119082
1977/10/1,0.644088048,0.066677183,-0.01648038
1977/11/1,0.241259892,-0.133341755,-0.029794132
1977/12/1,0.169523371,0.066677183,-1.100192596
1978/1/1,0.010599386,-0.133341755,0.210396817
1978/2/1,0.122066903,0.066677183,1.117090477
1978/3/1,0.566833333,0.266696121,1.179040179
1978/4/1,0.275472694,0.466715059,0.190426189
1978/5/1,0.495096812,0.266696121,0.298974022
1978/6/1,-0.417612462,0.266696121,-0.192547954
1978/7/1,0.237948975,0.066677183,0.133774817
1978/8/1,0.125377819,0.466715059,0.027264804
1978/9/1,0.372592907,0.466715059,0.387822936
1978/10/1,0.250089002,0.066677183,0.393392975
1978/11/1,-0.032442527,0.066677183,0.2128422
1978/12/1,0.266643584,0.466715059,-0.522674653
1979/1/1,0.282094527,0.666733997,0.202788958
1979/2/1,0.028257606,0.666733997,0.076715881
1979/3/1,-0.554463672,0.666733997,-0.97384781
1979/4/1,0.113237793,0.866752935,0.474634031
1979/5/1,0.245674447,0.866752935,-0.12964727
1979/6/1,0.222498032,0.866752935,-0.254497655
1979/7/1,-0.39222877,0.666733997,-0.598889089
1979/8/1,0.484060424,0.666733997,-0.145678114
1979/9/1,-0.067758968,0.866752935,0.341632369
1979/10/1,0.049226743,0.866752935,-0.254225946
1979/11/1,0.257814473,1.066771873,-0.092966525
1979/12/1,-0.197988344,1.466809749,0.232133554
1980/1/1,-0.010369751,1.266790811,-0.114703263
1980/2/1,-0.449617987,1.466809749,-0.436950395
1980/3/1,-0.668138466,0.866752935,-1.534383927
1980/4/1,-0.45623982,0.866752935,-1.829731846
1980/5/1,-0.42864885,0.866752935,-1.008083171
1980/6/1,-0.012577029,-0.533379631,-0.613153823
1980/7/1,-0.107489964,0.466715059,0.069515587
1980/8/1,0.140828762,0.666733997,0.962487932
1980/9/1,0.126481458,0.866752935,0.712651306
1980/10/1,0.113237793,1.066771873,0.993191074
1980/11/1,-0.040167998,0.866752935,0.315684139
1980/12/1,0.2158762,0.866752935,-0.581363845
1981/1/1,0.122066903,0.866752935,-0.42499519
1981/2/1,0.280990888,0.466715059,0.208087288
1981/3/1,0.39687296,0.266696121,-0.432331339
1981/4/1,-0.14722096,0.466715059,0.251832472
1981/5/1,-0.966120938,0.866752935,0.220721767
1981/6/1,0.29754547,1.266790811,0.312967046
1981/7/1,-0.142806405,0.666733997,-0.229500407
1981/8/1,-0.82816609,1.066771873,-0.477027505
1981/9/1,0.208150728,-0.133341755,-0.679722581
1981/10/1,-0.327114082,0.066677183,-0.944774924
1981/11/1,-0.758636847,-0.133341755,-0.882689367
1981/12/1,-0.086520827,-0.133341755,-1.527862905
1982/1/1,-0.061137135,-0.133341755,1.212460412
1982/2/1,-0.237719341,-0.733398569,-0.597666398
1982/3/1,-0.244341173,-0.133341755,-0.760963638
1982/4/1,0.457573093,1.066771873,-0.581635554
1982/5/1,-0.770776873,1.466809749,-0.311284882
1982/6/1,-0.193573789,0.266696121,-0.363724761
1982/7/1,0.01611758,-0.333360693,-0.737732499
1982/8/1,-0.280761253,-0.733398569,-0.309790481
1982/9/1,-0.457343459,0.066677183,-0.760963638
1982/10/1,-0.252066645,-0.933417507,-0.344297552
1982/11/1,-0.226682953,-1.333455383,-0.598073961
1982/12/1,0.003977553,-0.333360693,1.038974077
1983/1/1,-0.217853842,-0.533379631,-0.536803533
1983/2/1,-0.039064359,-0.533379631,0.394615666
1983/3/1,0.282094527,0.666733997,0.681948164
1983/4/1,-0.04789347,0.066677183,0.264874515
1983/5/1,0.955314185,-0.333360693,0.261749859
1983/6/1,0.496200451,0.066677183,0.851494716
1983/7/1,0.303063664,-0.133341755,0.660754845
1983/8/1,0.311892774,-0.133341755,0.850407879
1983/9/1,-0.113008158,0.066677183,0.397740322
1983/10/1,0.623118911,-0.133341755,0.172629235
1983/11/1,0.156279705,-0.133341755,0.206728742
1983/12/1,0.087854101,0.666733997,1.260960508
1984/1/1,0.549175112,0.266696121,0.18485615
1984/2/1,0.019428496,-0.133341755,0.204419214
1984/3/1,0.268850861,0.066677183,0.29449082
1984/4/1,0.807426588,-0.333360693,0.24911538
1984/5/1,0.300856386,-0.333360693,0.126846232
1984/6/1,-0.3105595,0.066677183,0.064488967
1984/7/1,-0.438581599,-0.133341755,-0.052345997
1984/8/1,0.222498032,-0.133341755,-0.350546864
1984/9/1,0.02494669,0.066677183,-0.171082925
1984/10/1,0.230223504,-0.333360693,0.105788768
1984/11/1,0.138621485,-0.333360693,-0.104785876
1984/12/1,-0.051204386,-0.333360693,-0.17977762
1985/1/1,0.140828762,0.466715059,0.076580027
1985/2/1,0.340587382,0.266696121,-0.031967806
1985/3/1,-0.196884706,-0.333360693,-0.304763861
1985/4/1,-0.142806405,-0.333360693,-0.014714271
1985/5/1,-0.609645611,-0.133341755,-0.17977762
1985/6/1,0.194907063,-0.333360693,-0.513844104
1985/7/1,0.17945612,-0.333360693,0.097637491
1985/8/1,0.481853147,-0.333360693,0.134318236
1985/9/1,0.071299519,0.066677183,-0.401628197
1985/10/1,0.038190355,0.266696121,0.116521282
1985/11/1,0.092268656,0.266696121,0.596767325
1985/12/1,0.602149774,0.066677183,0.253055164
1986/1/1,-0.587572835,-1.133436445,-0.659751954
1986/2/1,0.255607196,-1.933512197,-0.671571305
1986/3/1,-0.01147339,-1.533474321,-0.056421635
1986/4/1,0.012806663,-0.133341755,0.001588283
1986/5/1,0.399080238,0.066677183,-0.431516211
1986/6/1,0.119859625,-0.533379631,0.322341014
1986/7/1,0.087854101,-0.533379631,-0.269169953
1986/8/1,-0.061137135,0.066677183,0.064353112
1986/9/1,0.069092241,-0.333360693,0.178606838
1986/10/1,0.084543184,-0.333360693,0.154424718
1986/11/1,0.140828762,0.066677183,0.581144044
1986/12/1,0.109926876,0.466715059,-0.43532014
1987/1/1,0.19711434,0.066677183,0.87282389
1987/2/1,0.028257606,0.066677183,-0.037266136
1987/3/1,0.287612721,0.266696121,0.363640816
1987/4/1,0.567936972,-0.133341755,0.34462117
1987/5/1,-0.345875941,0.266696121,0.277237284
1987/6/1,0.289819998,-0.133341755,0.39149101
1987/7/1,0.328447356,0.266696121,0.451810457
1987/8/1,-0.30173039,0.066677183,0.172085817
1987/9/1,0.273265416,-0.133341755,0.935045301
1987/10/1,0.107719599,0.066677183,0.259576185
1987/11/1,0.17945612,-0.333360693,0.306038461
1987/12/1,0.107719599,0.066677183,-0.162116521
1988/1/1,0.094475933,-0.333360693,0.270987972
1988/2/1,-0.348083219,-0.133341755,0.039763428
1988/3/1,0.538138725,0.666733997,0.351957319
1988/4/1,-0.533494535,-0.133341755,-0.308975354
1988/5/1,0.562418778,0.266696121,0.099811165
1988/6/1,0.008392108,0.266696121,-0.128017014
1988/7/1,0.10661596,0.266696121,0.274927756
1988/8/1,-0.05672258,0.266696121,-0.410730456
1988/9/1,0.172834287,0.066677183,0.226291806
1988/10/1,0.371489268,0.066677183,0.071145842
1988/11/1,-0.133977295,0.066677183,0.239741412
1988/12/1,0.528205976,0.266696121,0.107147314
1989/1/1,-0.063344413,0.066677183,-0.516017778
1989/2/1,0.133103291,0.466715059,0.075357335
1989/3/1,-0.055618941,1.066771873,-0.170675362
1989/4/1,-0.136184572,0.466715059,-0.605274256
1989/5/1,0.213668922,0.066677183,-0.142825167
1989/6/1,-0.078795356,0.066677183,-0.950752526
1989/7/1,0.063574047,-0.733398569,0.667547576
1989/8/1,-0.470587124,-0.133341755,-0.419832714
1989/9/1,0.112134154,0.466715059,-0.246889797
1989/10/1,0.226912588,0.266696121,0.139888275
1989/11/1,-0.22889023,0.066677183,0.335518911
1989/12/1,1.242260269,1.666828687,-0.580548717
1990/1/1,-0.162671903,0.266696121,0.619726753
1990/2/1,0.020532135,0.466715059,0.261885713
1990/3/1,-0.525769063,-0.133341755,-0.331798928
1990/4/1,0.191596146,-0.333360693,0.109320987
1990/5/1,-0.323803166,0.866752935,0.147903696
1990/6/1,-0.32932136,0.466715059,-0.282755414
1990/7/1,-0.14722096,1.466809749,0.167330906
1990/8/1,-0.445203432,1.066771873,-0.12258283
1990/9/1,-0.125148185,1.066771873,-0.666137121
1990/10/1,-0.39222877,-0.133341755,-1.200317443
1990/11/1,-0.210128371,0.266696121,-0.723739475
1990/12/1,-0.470587124,0.266696121,-0.418474168
1991/1/1,-0.342565025,-0.533379631,-0.746155485
1991/2/1,-0.252066645,-0.733398569,-0.604730837
1991/3/1,0.365971074,-0.133341755,0.069787296
1991/4/1,-0.876726196,0.266696121,0.682763292
1991/5/1,0.081232268,0.066677183,0.528432456
1991/6/1,-0.216750204,-0.333360693,0.088263523
1991/7/1,-0.231097508,0.066677183,-0.128967997
1991/8/1,0.35162377,0.066677183,0.549218211
1991/9/1,-0.279657614,-0.333360693,-0.229364553
1991/10/1,-0.171501014,0.466715059,-0.2528674
1991/11/1,-0.47389804,0.066677183,-0.525935164
1991/12/1,0.426671207,-0.533379631,-0.580684572
1992/1/1,-0.386710576,-0.133341755,0.452625584
1992/2/1,0.293130915,0.266696121,0.567015165
1992/3/1,0.172834287,-0.133341755,0.510635502
1992/4/1,-0.194677428,-0.133341755,0.140159984
1992/5/1,-0.089831743,0.066677183,-0.092558961
1992/6/1,0.186077953,0.066677183,0.63670858
1992/7/1,-0.013680667,-0.133341755,-0.622663646
1992/8/1,-0.255377561,-0.133341755,0.135133363
1992/9/1,-0.239926618,0.466715059,0.449229219
1992/10/1,0.135310568,0.066677183,0.19192059
1992/11/1,-0.004851557,-0.333360693,-0.009008377
1992/12/1,-0.052308025,0.266696121,0.203604086
1993/1/1,0.082335907,-0.133341755,0.28389416
1993/2/1,0.156279705,-0.333360693,-0.227190879
1993/3/1,-0.213439287,0.266696121,0.103071675
1993/4/1,0.569040611,0.066677183,-0.469283792
1993/5/1,0.054744937,-0.533379631,0.058783073
1993/6/1,0.056952215,-0.333360693,0.085410576
1993/7/1,0.290923637,-0.133341755,-0.238874375
1993/8/1,-0.471690763,-0.333360693,0.311200936
1993/9/1,0.158486983,0.466715059,0.522183144
1993/10/1,0.243467169,0.066677183,0.275607029
1993/11/1,0.187181591,-0.133341755,0.380079223
1993/12/1,0.41563482,-0.733398569,0.138937292
1994/1/1,-0.005955196,0.066677183,-0.08277743
1994/2/1,-0.3105595,0.066677183,0.767264859
1994/3/1,0.258918112,-0.533379631,0.402902797
1994/4/1,0.495096812,-0.133341755,0.288784926
1994/5/1,-0.39222877,0.066677183,0.481290907
1994/6/1,-0.058929858,0.266696121,-0.023137256
1994/7/1,0.563522417,0.466715059,0.479253088
1994/8/1,0.24236353,-0.133341755,0.13798631
1994/9/1,0.330654633,-0.533379631,0.625432647
1994/10/1,0.307478219,0.066677183,0.499223715
1994/11/1,0.087854101,-0.133341755,0.808021241
1994/12/1,-0.202402899,0.066677183,0.044110775
1995/1/1,0.154072428,0.066677183,-0.260067694
1995/2/1,-0.108593603,-0.133341755,9.39E-05
1995/3/1,-0.149428238,0.466715059,-0.3118283
1995/4/1,-0.716698573,-0.133341755,0.32899789
1995/5/1,-0.026924333,-0.133341755,0.175618037
1995/6/1,0.186077953,-0.333360693,-0.547536047
1995/7/1,-0.098660854,-0.133341755,1.134615721
1995/8/1,0.171730648,-0.333360693,0.242186795
1995/9/1,0.14303604,0.066677183,-0.304899715
1995/10/1,-0.359119607,-0.333360693,0.108234151
1995/11/1,-0.248755728,-0.333360693,0.194365973
1995/12/1,-0.097557215,0.866752935,-0.674288397
1996/1/1,0.428878485,-0.133341755,1.284870919
1996/2/1,0.107719599,0.266696121,-0.285744215
1996/3/1,0.007288469,0.466715059,0.857608174
1996/4/1,0.137517846,-0.133341755,0.626791193
1996/5/1,0.256710835,-0.133341755,0.617688934
1996/6/1,0.24236353,-0.133341755,-0.139292947
1996/7/1,0.109926876,-0.333360693,0.377905549
1996/8/1,0.263332667,0.266696121,0.503706917
1996/9/1,0.25229628,0.266696121,-0.160622121
1996/10/1,-0.269724865,0.266696121,0.785061813
1996/11/1,-0.040167998,0.066677183,0.511043066
1996/12/1,0.345001937,-0.133341755,0.04424663
1997/1/1,-0.13839185,-0.133341755,1.098070832
1997/2/1,0.516065949,-0.533379631,0.530470275
1997/3/1,0.139725124,-0.533379631,-0.052481852
1997/4/1,0.2158762,-0.733398569,0.463358098
1997/5/1,-0.195781067,-0.133341755,0.358342486
1997/6/1,0.314100051,-0.333360693,0.768623405
1997/7/1,0.069092241,0.066677183,0.967514552
1997/8/1,-0.128459101,0.066677183,0.878258074
1997/9/1,0.038190355,-0.133341755,0.854755227
1997/10/1,0.384732934,-0.333360693,0.757619182
1997/11/1,-0.109697242,-0.533379631,0.344077752
1997/12/1,-0.086520827,-0.333360693,0.364999362
1998/1/1,-0.048997108,-0.733398569,0.06313042
1998/2/1,-0.130666378,-0.733398569,-0.092830671
1998/3/1,0.29754547,-0.333360693,0.255636401
1998/4/1,-0.010369751,0.066677183,0.610081076
1998/5/1,-0.227786591,-0.333360693,-0.828075814
1998/6/1,-0.044582553,0.066677183,-0.597938107
1998/7/1,-0.071069884,-0.333360693,2.21900721
1998/8/1,0.519376865,-0.533379631,-0.248655907
1998/9/1,-0.124044546,0.066677183,0.658852881
1998/10/1,0.171730648,-0.333360693,-0.248927616
1998/11/1,0.216979838,-0.133341755,0.334567929
1998/12/1,0.330654633,-0.133341755,0.346794844
1999/1/1,-0.327114082,-0.733398569,0.545821846
1999/2/1,-0.037960721,-0.533379631,0.112445644
1999/3/1,-0.12956274,1.466809749,0.124944268
1999/4/1,0.254503557,-0.533379631,0.592827541
1999/5/1,-0.064448051,-0.733398569,-0.219718875
1999/6/1,-0.098660854,0.666733997,0.564841491
1999/7/1,0.056952215,0.066677183,0.390132464
1999/8/1,-0.010369751,0.666733997,-0.643992819
1999/9/1,0.177248842,-0.133341755,1.408498613
1999/10/1,0.210358006,-0.133341755,0.513760158
1999/11/1,0.09778685,0.066677183,0.844837841
1999/12/1,2.108616714,0.266696121,-0.234934592
2000/1/1,-0.095349937,0.666733997,0.28742638
2000/2/1,-0.024717055,1.266790811,0.346115571
2000/3/1,0.489578618,-0.933417507,0.650973313
2000/4/1,-0.844720672,-0.133341755,0.224253987
2000/5/1,0.203736173,1.266790811,-0.04976476
2000/6/1,-0.589780113,0.266696121,-0.364404034
2000/7/1,0.006184831,-0.733398569,-0.475533104
2000/8/1,0.116548709,1.066771873,0.391219301
2000/9/1,0.076817713,-0.133341755,-0.606496947
2000/10/1,0.119859625,-0.133341755,-0.113208862
2000/11/1,0.183870675,0.066677183,-0.568457657
2000/12/1,0.042604911,1.266790811,-0.758925818
2001/1/1,-0.321595888,0.066677183,-0.963794569
2001/2/1,0.050330382,-0.533379631,-0.448769746
2001/3/1,-0.672553021,-0.133341755,-0.575793806
2001/4/1,-0.366845078,1.066771873,-0.789900669
2001/5/1,-0.380088744,0.066677183,-0.792481907
2001/6/1,0.080128629,-1.333455383,-0.882553513
2001/7/1,-1.054412041,-0.733398569,-0.247161506
2001/8/1,0.529309614,0.666733997,-0.795878272
2001/9/1,-0.639443858,-1.733493259,-0.507458937
2001/10/1,-0.308352223,-0.933417507,-0.846144477
2001/11/1,-0.349186858,-0.933417507,-0.187385479
2001/12/1,-0.520250869,-0.133341755,0.689963586
2002/1/1,0.674989934,-0.133341755,-0.14853106
2002/2/1,-0.426441573,0.266696121,0.767536568
2002/3/1,-0.194677428,0.866752935,0.435372049
2002/4/1,0.317410968,-0.333360693,0.380894351
2002/5/1,-0.275243059,-0.533379631,0.862770649
2002/6/1,-0.140599128,0.066677183,-0.181679585
2002/7/1,0.183870675,0.266696121,-0.267403843
2002/8/1,0.520480504,-0.133341755,-0.023001402
2002/9/1,-0.462861652,0.066677183,-0.464936445
2002/10/1,-0.675863938,-0.133341755,0.532779804
2002/11/1,-0.243237534,-0.133341755,-0.825766286
2002/12/1,0.955314185,0.866752935,0.872959745
2003/1/1,-0.066655329,1.266790811,0.013407634
2003/2/1,-0.191366512,-0.133341755,-0.48042387
2003/3/1,0.081232268,-2.133531135,-0.9146152
2003/4/1,-0.236615702,-1.333455383,-0.183173986
2003/5/1,0.133103291,-0.333360693,0.02155891
2003/6/1,-0.487141706,0.466715059,0.493925386
2003/7/1,-0.055618941,0.866752935,-0.403937725
2003/8/1,-0.072173523,0.466715059,0.658717026
2003/9/1,0.275472694,-1.133436445,0.026177967
2003/10/1,0.347209215,-0.533379631,0.703549047
2003/11/1,-0.152739154,0.266696121,-0.0774791
2003/12/1,-0.071069884,0.866752935,0.067749477
2004/1/1,-0.061137135,0.066677183,0.637116143
2004/2/1,-0.236615702,0.066677183,-0.633667869
2004/3/1,0.112134154,-0.133341755,0.346658989
2004/4/1,0.051434021,0.866752935,0.794843344
2004/5/1,0.216979838,0.666733997,-1.118261259
2004/6/1,0.283198165,-0.333360693,0.789816724
2004/7/1,-0.119629991,-0.533379631,-0.03237537
2004/8/1,-0.233304785,0.466715059,0.001995846
2004/9/1,0.131999652,1.266790811,0.992375946
2004/10/1,0.412323903,1.066771873,0.174259491
2004/11/1,-0.255377561,-0.733398569,0.864400904
2004/12/1,-0.005955196,-0.933417507,0.31690683
2005/1/1,0.01611758,0.866752935,0.79973411
2005/2/1,0.158486983,0.666733997,-0.326228889
2005/3/1,0.52379142,0.466715059,0.131057725
2005/4/1,0.253399918,-0.933417507,-0.018110636
2005/5/1,-0.022509778,-0.533379631,0.434013503
2005/6/1,0.205943451,1.666828687,-0.560170526
2005/7/1,0.311892774,1.666828687,0.292045437
2005/8/1,-0.17481193,4.667112757,-2.697706943
2005/9/1,0.023843051,-0.133341755,1.441375429
2005/10/1,-0.19247015,-2.733587949,1.299814926
2005/11/1,0.140828762,-0.733398569,0.498544442
2005/12/1,0.300856386,1.666828687,0.069243878
2006/1/1,0.200425257,-0.533379631,-0.08427183
2006/2/1,0.175041565,-0.133341755,0.161489157
2006/3/1,-0.116319074,1.266790811,0.254821274
2006/4/1,0.223601671,0.466715059,-0.107231259
2006/5/1,0.152968789,0.266696121,0.310657518
2006/6/1,-0.305041306,1.466809749,-0.228821134
2006/7/1,0.328447356,1.066771873,0.442708198
2006/8/1,0.071299519,-2.733587949,-0.385597353
2006/9/1,0.412323903,-2.533569011,-0.27908734
2006/10/1,0.104408682,-0.533379631,-0.177060528
2006/11/1,0.34279466,1.466809749,1.239631334
2006/12/1,-0.074380801,-0.059334748,-0.627146848
2007/1/1,-0.106386325,0.844750852,1.165998136
2007/2/1,0.15186515,1.390802553,0.101713129
2007/3/1,-0.948462717,0.498718089,0.778948355
2007/4/1,0.211461645,0.968762593,-0.066746586
2007/5/1,0.038190355,0.224692144,-0.103155621
2007/6/1,-0.312766778,0.004671312,-0.357475449
2007/7/1,-0.384503299,-0.605386448,0.12942747
2007/8/1,0.481853147,1.026768086,0.196675501
2007/9/1,-0.467276208,0.552723202,-0.546041646
2007/10/1,0.577869721,2.554912772,0.636301016
2007/11/1,-0.493763538,0.488717142,-0.059818001
2007/12/1,-0.022509778,0.724739489,-0.31359441
2008/1/1,-0.38339966,0.292698583,-0.648611876
2008/2/1,-0.215646565,0.788745549,-0.582178972
2008/3/1,-0.087624466,0.254694985,-1.085656153
2008/4/1,-0.385606938,1.798841186,-0.985667161
2008/5/1,-0.327114082,3.777028483,-0.495232022
2008/6/1,-0.364637801,2.372895538,-0.756887999
2008/7/1,-0.50148901,-1.385460307,-2.274248127
2008/8/1,-0.278553976,-0.359363155,-5.971123747
2008/9/1,-0.440788877,-4.497754982,1.137332814
2008/10/1,-0.913146276,-8.418126166,-1.821173006
2008/11/1,-0.945151801,-4.24373093,-3.720828003
2008/12/1,-1.48152025,0.336702749,-3.204988053
2009/1/1,-0.703454907,0.810747632,-0.858507247
2009/2/1,-1.168086835,-1.153438339,-2.007701384
2009/3/1,-0.194677428,-0.305358041,-1.062832579
2009/4/1,-0.588676474,-0.107339293,-1.291204176
2009/5/1,-0.402161519,2.802936255,-0.5063721
2009/6/1,-0.257584839,-0.861410689,1.232159331
2009/7/1,-0.589780113,0.704737595,1.155129767
2009/8/1,-0.88224439,0.098680213,0.868204833
2009/9/1,-0.564396421,0.562724149,0.12915576
2009/10/1,0.112134154,0.716738732,0.345300443
2009/11/1,-0.851342504,-0.507377169,0.268814298
2009/12/1,0.330654633,-0.451371866,1.148744601
2010/1/1,0.019428496,-1.14743777,0.286882961
2010/2/1,0.049226743,-0.589384933,0.71631938
2010/3/1,0.464194926,-0.6333891,0.300740132
2010/4/1,-0.200195622,-0.959419969,1.544624931
2010/5/1,-0.248755728,-0.915415802,0.133367253
2010/6/1,-0.096453576,0.078678319,0.336741603
2010/7/1,0.147450595,-0.097338346,0.319216358
2010/8/1,-0.184744679,-0.029331907,0.211891217
2010/9/1,-0.444099793,0.78674536,-0.480559725
2010/10/1,-0.221164759,0.376706537,-0.052210143
2010/11/1,0.145243317,1.030768464,1.113014839
2010/12/1,-0.194677428,0.696736838,-0.416300495
2011/1/1,0.020532135,0.68873608,-0.663148319
2011/2/1,0.131999652,1.562818839,1.168579374
2011/3/1,-0.196884706,1.360799712,-0.5638386
2011/4/1,-0.096453576,0.692736459,0.015581307
2011/5/1,-0.403265158,-0.733398569,0.235394065
2011/6/1,0.01611758,0.444712976,0.465667627
2011/7/1,0.322929162,0.68873608,0.676378125
2011/8/1,0.127585097,0.248694417,-0.240097067
2011/9/1,0.065781325,-0.427369594,0.762102384
2011/10/1,0.367074713,0.104680781,-0.156274773
2011/11/1,-0.054515302,-0.625388342,0.542561336
2011/12/1,0.614289801,0.504718657,0.645131565
2012/1/1,0.164005177,0.240693659,0.275742883
2012/2/1,0.058055854,0.222691955,-0.827396541
2012/3/1,-0.289590363,0.026673396,0.796609454
2012/4/1,0.200425257,-1.681488335,0.142333657
2012/5/1,0.065781325,-1.111434362,-0.117420355
2012/6/1,-0.24765209,-0.60138607,0.123449867
2012/7/1,-0.139495489,1.922852928,-0.681624546
2012/8/1,0.692648154,1.460809181,-0.211160035
2012/9/1,0.288716359,0.512719415,0.279410958
2012/10/1,-0.246548451,-1.511472238,0.371656237
2012/11/1,-0.141702766,-0.789403871,0.239469703
2012/12/1,-0.180330124,0.182688167,-0.161029684
2013/1/1,-0.061137135,1.782839671,0.497321751
2013/2/1,-0.189159234,-2.043522613,0.407386
2013/3/1,0.213668922,-1.703490418,-0.280174176
2013/4/1,0.13420693,-0.541380388,-0.013491579
2013/5/1,-0.009266112,0.370705969,0.108777569
2013/6/1,0.154072428,0.176687599,-0.580277008
2013/7/1,-0.069966245,0.378706726,0.661977537
2013/8/1,-0.036857082,-0.557381903,0.580872335
2013/9/1,-1.110697619,-0.483374896,-0.300280659
2013/10/1,0.901235885,0.128683054,0.204826778
2013/11/1,0.191596146,0.504718657,0.152251044
2013/12/1,0.272161778,0.404709188,-0.662740755
2014/1/1,-0.156050071,-0.215349519,0.887767897
2014/2/1,0.428878485,0.228692523,1.212732122
2014/3/1,-0.117422713,0.146684758,-0.02707704
2014/4/1,0.035983078,0.166686652,0.418661932
2014/5/1,0.327343717,-0.107339293,0.318537085
2014/6/1,0.029361245,-0.199348004,0.155239845
2014/7/1,0.006184831,-0.809405765,-0.362637924
2014/8/1,0.135310568,-0.699395349,0.279546813
2014/9/1,0.577869721,-0.82740747,-0.114567408
2014/10/1,-0.163775542,-1.627483222,0.724063093
2014/11/1,0.094475933,-2.195537005,-0.117420355
2014/12/1,0.446536706,-3.743683585,-1.258734925
2015/1/1,-0.248755728,0.456714112,-1.031721873
2015/2/1,-0.046789831,0.534721498,-0.61600677
2015/3/1,0.284301804,-0.241351981,-0.903610977
2015/4/1,0.199321618,0.824748958,-0.763137311
2015/5/1,-0.139495489,0.578725664,-0.56030638
2015/6/1,-0.122940907,0.020672827,0.715640107
2015/7/1,0.248985363,-0.735398758,-0.375679967
2015/8/1,-0.530183618,-1.803499887,-0.526071019
2015/9/1,0.325136439,-0.263354065,-0.788542123
2015/10/1,0.101097766,-0.165344785,-1.118668823
2015/11/1,0.595527941,-1.24544705,-0.805931513
2015/12/1,0.441018512,-0.951419211,0.527481474
2016/1/1,0.177248842,-1.365458413,-0.84179713
2016/2/1,0.169523371,0.75474233,-1.173010667
2016/3/1,-0.297315835,1.090774146,0.28566027
2016/4/1,-0.074380801,0.396708431,-0.443335562
2016/5/1,-0.037960721,0.596727369,0.506559864
2016/6/1,0.226912588,-0.975421484,0.013543488
2016/7/1,0.109926876,0.154685516,-0.280174176
2016/8/1,-0.158257348,0.52872093,-0.259795985
2016/9/1,-0.103075409,0.396708431,-0.047862795
2016/10/1,0.039293994,-0.163344596,-0.656355589
2016/11/1,0.085646823,0.488717142,0.80503244
2016/12/1,-0.143910044,1.228787213,-0.446324363
2017/1/1,0.223601671,0.042674911,-0.657442426
2017/2/1,0.507236839,-0.961420158,0.692680678
2017/3/1,0.071299519,-0.131341565,1.207297937
2017/4/1,-0.343668664,-1.111434362,-0.02354482
2017/5/1,0.136414207,-0.415368457,0.143012931
2017/6/1,0.138621485,-0.573383418,-0.481238998
2017/7/1,-0.21123201,1.146779448,-0.757974836
2017/8/1,0.725757318,1.770838535,0.01653229
2017/9/1,-0.885555307,-0.351362397,1.54516835
2017/10/1,0.077921352,0.582726043,0.212298781
2017/11/1,-0.02913161,0.308700098,0.182139058
2017/12/1,0.436603956,1.374801038,-0.14350444
2018/1/1,0.713617291,0.606728316,0.194230118
2018/2/1,-0.119629991,-0.637389479,0.48726851
2018/3/1,-0.030235249,0.566724528,1.436077099
2018/4/1,0.236845337,0.396708431,-1.464282948
2018/5/1,-0.016991584,-0.281355769,1.006504825
2018/6/1,0.285405443,-0.34136145,0.036367062
2018/7/1,-0.846927949,0.164686463,0.813319571
2018/8/1,0.425567569,0.304699719,-0.079381064
2018/9/1,0.276576333,0.446713165,-0.377446076
2018/10/1,0.225808949,-1.089432278,-0.028299731
2018/11/1,-0.032442527,-0.387365806,-0.096770454
2018/12/1,-0.502592649,-1.145437581,-1.071934838
2019/1/1,0.276576333,0.782744981,-0.867337796
2019/2/1,-0.317181333,1.182782857,-0.125979195
2019/3/1,-0.222268398,1.178782478,-0.903475122
2019/4/1,0.077921352,-0.607386638,0.053077179
2019/5/1,0.31520369,-0.899414287,0.028759204
2019/6/1,0.189388869,0.444712976,-0.870190743
2019/7/1,0.192699785,-0.265354254,0.912901
2019/8/1,0.42446393,0.054676047,-0.577424061
2019/9/1,0.08895774,0.716738732,-1.325982956
2019/10/1,-0.045686192,0.714738542,0.622036282
2019/11/1,0.099994127,0.768743656,-0.422549807
2019/12/1,-0.51031812,0.260695553,-0.962707732
2020/1/1,0.08895774,-0.487375275,0.313646319
2020/2/1,-3.847721803,-3.081620901,-5.664499894
2020/3/1,-24.60385641,-4.821785661,-17.6998597
2020/4/1,4.262919621,-1.193442126,1.665399679
2020/5/1,5.566317024,1.746836262,7.553474287
2020/6/1,1.447537083,1.886849519,4.38194844
2020/7/1,3.686820175,1.194783993,1.116682913
2020/8/1,0.275472694,0.628730399,-0.192547954
2020/9/1,2.41211738,-0.089337588,0.720666728
2020/10/1,-0.135080934,0.450713544,0.439583542
2020/11/1,-0.09314266,1.534816188,1.558617956
2020/12/1,-0.27413942,0.454713923,0.687246494
2021/1/1,0.23353442,1.134778312,-4.632684139
2021/2/1,0.363763797,1.814842701,3.507724031
2021/3/1,0.343898299,2.822938149,0.047642995
2021/4/1,0.362660158,2.824938338,1.020633705
2021/5/1,0.081232268,3.879038141,0.486181673
2021/6/1,1.008288847,1.776839103,0.427628336
2021/7/1,0.38804385,0.840750473,-0.175701982
2021/8/1,0.516065949,1.646826793,-1.561554848
2021/9/1,0.559107861,4.439091168,1.70493337
2021/10/1,1.025947067,3.859036247,1.101059633
2021/11/1,0.489578618,3.230976782,-0.240912194
2021/12/1,0.982905155,2.738930195,-0.11402399
2022/1/1,0.394665683,3.232976971,0.71659109
2022/2/1,0.532620531,5.151158587,0.983137832
2022/3/1,-0.486038067,1.49681259,0.170455562
2022/4/1,0.399080238,4.701115976,-0.054655526
2022/5/1,-0.451825265,6.813315961,-0.335874566
2022/6/1,0.042604911,-0.997423567,0.168961161
2022/7/1,0.38804385,-0.289356526,0.021830619
2022/8/1,-0.055618941,1.78483986,0.351278046
2022/9/1,-0.277450337,2.382896485,-0.261018677
2022/10/1,-0.333735915,0.724739489,-0.600655199
2022/11/1,0.691544516,-0.533379631,-1.87877536
2022/12/1,0.918894105,2.562913529,1.110297746
2023/1/1,0.058055854,1.306794599,-0.069327823
2023/2/1,0.321825523,-0.399366942,-0.121903557
2023/3/1,0.040397633,1.696831528,0.415808985
2023/4/1,-0.334839554,0.182688167,-0.471321611
2023/5/1,0.063574047,0.832749716,-0.956050856
2023/6/1,0.086750462,0.298699151,0.79823971
2023/7/1,0.183870675,2.312889857,-0.109812497
2023/8/1,-0.17481193,1.738835505,0.148447115
2023/9/1,-0.393332409,-0.175345732,-1.132661848
2023/10/1,0.606564329,0.134683622,0.278459976
2023/11/1,-0.979364603,0.562724149,-0.488575147
2023/12/1,-0.06555169,1.384801985,-1.700398259
2024/1/1,-0.333735915,1.72283399,1.54870057
2024/2/1,0.316307329,1.436806908,-0.423636644
2024/3/1,-0.061137135,1.084773578,-0.36073596
2024/4/1,-0.503696287,-0.485375086,0.705315157
2024/5/1,-0.148324599,-0.751400273,0.230910863
2024/6/1,-0.067758968,0.136683811,-1.138367741
2024/7/1,0.08895774,0.396708431,0.538893261
2024/8/1,0.277679972,0.706737785,-0.717218454
2024/9/1,-0.520250869,0.692736459,-0.65934439
2024/10/1,-0.439685238,1.036769032,-0.483140962
2024/11/1,0.389147489,1.574819976,1.429284368
2024/12/1,2.327137193,2.232882282,0.163526976
2025/1/1,-0.787331455,0.644731914,1.052423683
